{
  "manifest": {
    "apis": {
      "custom": {
        "endpoint": {
          "uri": "arn:aws:lambda:us-east-1:050451380445:function:04d31045-5de3-47f6-80a7-aad912edc3b5:Release_0"
        },
        "interfaces": [],
        "locales": {},
        "regions": {
          "EU": {
            "endpoint": {
              "uri": "arn:aws:lambda:eu-west-1:050451380445:function:04d31045-5de3-47f6-80a7-aad912edc3b5:Release_0"
            }
          },
          "NA": {
            "endpoint": {
              "uri": "arn:aws:lambda:us-east-1:050451380445:function:04d31045-5de3-47f6-80a7-aad912edc3b5:Release_0"
            }
          },
          "FE": {
            "endpoint": {
              "uri": "arn:aws:lambda:us-west-2:050451380445:function:04d31045-5de3-47f6-80a7-aad912edc3b5:Release_0"
            }
          }
        }
      }
    },
    "manifestVersion": "1.0",
    "publishingInformation": {
      "automaticClonedLocale": {
        "locales": [
          {
            "source": "es-MX"
          }
        ]
      },
      "distributionCountries": [],
      "isAvailableWorldwide": true,
      "locales": {
        "es-ES": {
          "name": "AlexaWithGemini"
        },
        "es-US": {
          "name": "AlexaWithGemini"
        },
        "es-MX": {
          "name": "AlexaWithGemini"
        }
      },
      "testingInstructions": "Sample Testing Instructions."
    }
  }
}