{
  "interactionModel": {
    "languageModel": {
      "intents": [
        {
          "name": "AMAZON.CancelIntent",
          "samples": []
        },
        {
          "name": "AMAZON.HelpIntent",
          "samples": []
        },
        {
          "name": "AMAZON.StopIntent",
          "samples": []
        },
        {
          "name": "AMAZON.NavigateHomeIntent",
          "samples": []
        },
        {
          "slots": [
            {
              "name": "query",
              "type": "AMAZON.Person"
            }
          ],
          "name": "ChatIntent",
          "samples": [
            "{query}"
          ]
        }
      ],
      "types": [],
      "invocationName": "asistente inteligente"
    }
  }
}